Sito,HTTP Requests,HTTP/2 Requests,HTTP/3 Requests
38.207.75.144,0,51809,0
178.238.223.35.bc.googleusercontent.com,0,299,0
ec2-44-205-132-46.compute-1.amazonaws.com,0,10,0
192.34.20.166.static.coresite.com,0,102,0
ec2-3-233-158-25.compute-1.amazonaws.com,0,17,0
51.105.71.137,0,20,0
151.101.130.186,0,88,0
146.75.53.29,0,142,0
a23-39-192-58.deploy.static.akamaitechnologies.com,0,165,0
40.79.167.8,0,15,0
mil07s12-in-f2.1e100.net,0,87,0
196.53.120.34.bc.googleusercontent.com,0,16,0
mil04s50-in-f2.1e100.net,0,18,3
ec2-54-73-195-97.eu-west-1.compute.amazonaws.com,0,136,0
192.168.1.102,94,0,18219
a23-39-119-2.deploy.static.akamaitechnologies.com,0,175,0
a23-39-125-15.deploy.static.akamaitechnologies.com,0,104,0
a2-17-101-11.deploy.static.akamaitechnologies.com,0,85,0
151.5.24.51,0,14,0
a23-39-116-42.deploy.static.akamaitechnologies.com,0,21,0
ip-103-132-192-30.rtbhouse.net,0,65,0
a23-39-119-130.deploy.static.akamaitechnologies.com,0,234,0
a2aa9ff50de748dbe.awsglobalaccelerator.com,0,19,0
mil04s51-in-f2.1e100.net,0,137,33
203.104.162.225,0,15,0
a23-39-119-93.deploy.static.akamaitechnologies.com,0,44,0
a2-16-135-233.deploy.static.akamaitechnologies.com,0,16,0
941.bm-nginx-loadbalancer.mgmt.ams3.adnexus.net,0,14,0
a2-17-101-42.deploy.static.akamaitechnologies.com,0,147,538
www.gstatic.com,6,0,0
172.64.149.10,0,87,0
152.199.19.160,0,114,0
server-18-65-66-177.fco50.r.cloudfront.net,0,57,0
server-52-222-132-100.fco50.r.cloudfront.net,0,15,0
a23-39-116-235.deploy.static.akamaitechnologies.com,0,223,0
a2-17-140-91.deploy.static.akamaitechnologies.com,0,2669,0
server-18-65-64-60.fco50.r.cloudfront.net,0,19,0
52.168.112.66,0,1,0
ec2-18-102-93-234.eu-south-1.compute.amazonaws.com,0,17,0
server-18-65-82-113.fco50.r.cloudfront.net,0,45,0
ec2-100-26-87-64.compute-1.amazonaws.com,0,13,0
ec2-3-122-40-188.eu-central-1.compute.amazonaws.com,0,15,0
a23-51-255-156.deploy.static.akamaitechnologies.com,0,28,0
a2-17-101-32.deploy.static.akamaitechnologies.com,0,18,0
ec2-54-204-202-163.compute-1.amazonaws.com,0,74,0
178.249.97.23,0,84,0
151.101.242.217,0,379,0
a2-17-140-204.deploy.static.akamaitechnologies.com,0,40,0
lo-accdn.lpsnmedia.net,0,67,0
lb-182-246.above.com,0,14,0
120.154.120.34.bc.googleusercontent.com,0,260,20
ip-63-140-62-27.data.adobedc.net,0,37,0
server-18-65-82-54.fco50.r.cloudfront.net,0,14,0
server-108-139-210-48.fco50.r.cloudfront.net,0,99,0
ec2-54-158-164-13.compute-1.amazonaws.com,0,21,0
server-52-222-130-94.fco50.r.cloudfront.net,0,19,0
185.151.204.202,0,13,0
ec2-3-122-176-248.eu-central-1.compute.amazonaws.com,0,20,0
ec2-3-120-73-50.eu-central-1.compute.amazonaws.com,0,30,0
146.75.61.21,0,67,0
40.177.147.34.bc.googleusercontent.com,0,26,0
ip-66-235-152-221.data.adobedc.net,0,23,0
ip-63-140-62-17.data.adobedc.net,0,50,0
141.193.213.10,0,110,724
58.39.117.34.bc.googleusercontent.com,0,16,0
a23-39-199-93.deploy.static.akamaitechnologies.com,0,309,0
secure.trust-provider.com,0,29,0
ec2-3-124-173-63.eu-central-1.compute.amazonaws.com,0,63,5
a23-10-245-43.deploy.static.akamaitechnologies.com,0,306,0
ip-66-235-152-156.data.adobedc.net,0,19,0
184.232.244.35.bc.googleusercontent.com,0,152,14
146.75.54.27,0,61,0
ec2-52-48-180-95.eu-west-1.compute.amazonaws.com,0,20,0
ec2-34-252-167-206.eu-west-1.compute.amazonaws.com,0,14,0
ip-63-140-62-222.data.adobedc.net,0,55,0
1006.bm-nginx-loadbalancer.mgmt.fra1.adnexus.net,0,84,0
server-52-222-130-59.fco50.r.cloudfront.net,0,76,0
68.174.244.35.bc.googleusercontent.com,0,61,20
146.75.53.175,0,47,0
151.101.242.83,0,16,0
151.101.242.81,0,16,0
241.177.202.35.bc.googleusercontent.com,0,9,0
138.68.237.202,0,22,0
ec2-54-82-13-248.compute-1.amazonaws.com,0,10,0
a23-32-220-102.deploy.static.akamaitechnologies.com,0,376,0
84.72.149.34.bc.googleusercontent.com,0,175,0
172.175.234.12,0,474,0
55.58.111.34.bc.googleusercontent.com,0,15,0
13.74.129.1,0,114,0
199.33.111.34.bc.googleusercontent.com,0,24,0
ec2-52-31-110-142.eu-west-1.compute.amazonaws.com,0,34,0
119.244.178.107.bc.googleusercontent.com,0,107,0
ec2-54-77-122-229.eu-west-1.compute.amazonaws.com,0,13,0
ip-66-235-152-225.data.adobedc.net,0,16,0
server-13-226-244-11.fco50.r.cloudfront.net,0,46,0
server-52-222-130-124.fco50.r.cloudfront.net,0,30,0
224.240.178.107.bc.googleusercontent.com,0,26,8
server-52-222-130-87.fco50.r.cloudfront.net,0,15,0
linux1127.grserver.gr,0,536,0
ec2-52-12-72-36.us-west-2.compute.amazonaws.com,0,6,0
ec2-54-225-68-46.compute-1.amazonaws.com,0,28,0
ec2-52-36-231-62.us-west-2.compute.amazonaws.com,0,26,0
ec2-54-78-16-212.eu-west-1.compute.amazonaws.com,0,16,0
ec2-54-175-94-153.compute-1.amazonaws.com,0,24,0
par21s06-in-f10.1e100.net,0,2,0
13.107.246.60,0,2,0
216.239.34.36,0,2,0
ec2-34-252-227-179.eu-west-1.compute.amazonaws.com,0,16,0
ec2-52-214-86-152.eu-west-1.compute.amazonaws.com,0,15,0
s3-eu-west-1.amazonaws.com,0,23,0
mil07s19-in-f6.1e100.net,0,161,19
par21s05-in-f6.1e100.net,0,64,16
server-18-65-64-26.fco50.r.cloudfront.net,0,20,0
98.98.135.24,0,50,0
141.193.213.11,0,133,952
ec2-44-237-40-112.us-west-2.compute.amazonaws.com,0,25,0
162.159.128.61,0,72,0
104.18.95.41,0,4,0
ec2-52-204-242-176.compute-1.amazonaws.com,0,24,0
34.39.94.34.bc.googleusercontent.com,0,24,0
216.239.32.36,0,2,0
mil04s50-in-f3.1e100.net,0,2,0
mil07s19-in-f10.1e100.net,0,5,0
104.18.164.83,0,2,0
104.17.25.14,0,4,0
edge-star-mini-shv-01-fco2.facebook.com,0,6,0
941456849.mil.cdn77.com,0,4,0
172.64.147.188,0,4,0
104.18.80.204,0,4,0
104.16.201.35,0,6,0
ec2-18-206-51-254.compute-1.amazonaws.com,0,203,0
a23-2-53-223.deploy.static.akamaitechnologies.com,0,1331,0
137.102.96.34.bc.googleusercontent.com,0,40,15
server-108-139-210-44.fco50.r.cloudfront.net,0,229,0
ec2-3-228-33-101.compute-1.amazonaws.com,0,61,0
server-52-222-130-108.fco50.r.cloudfront.net,0,37,0
ec2-52-214-238-53.eu-west-1.compute.amazonaws.com,0,32,0
9.188.244.35.bc.googleusercontent.com,0,199,12
a2-16-135-209.deploy.static.akamaitechnologies.com,0,85,0
146.75.54.132,0,319,0
ec2-3-214-94-232.compute-1.amazonaws.com,0,29,0
server-13-226-244-30.fco50.r.cloudfront.net,0,11,0
server-52-222-130-38.fco50.r.cloudfront.net,0,59,0
server-13-35-198-23.fco50.r.cloudfront.net,0,72,0
server-52-222-130-18.fco50.r.cloudfront.net,0,138,0
server-18-65-82-99.fco50.r.cloudfront.net,0,16,0
35.128.197.104.bc.googleusercontent.com,0,20,0
ec2-52-70-78-65.compute-1.amazonaws.com,0,15,0
x1.i.lencr.org,1,0,0
ec2-44-227-70-92.us-west-2.compute.amazonaws.com,0,26,0
mil04s50-in-f6.1e100.net,0,63,18
server-108-139-210-117.fco50.r.cloudfront.net,0,85,0
ec2-54-154-160-115.eu-west-1.compute.amazonaws.com,0,227,0
r11.i.lencr.org,1,0,0
clients2.google.com,1,0,0
76.76.21.61,0,189,0
ec2-34-241-136-109.eu-west-1.compute.amazonaws.com,0,140,0
162.159.138.60,0,39,0
server-13-226-244-129.fco50.r.cloudfront.net,0,119,0
204.202.120.34.bc.googleusercontent.com,0,72,21
146.75.62.109,0,117,0
146.75.52.217,0,163,0
server2.difadi.com,0,661,0
az1-ss103.a2hosting.com,0,95,0
67.15.120.34.bc.googleusercontent.com,0,18,0
146.75.60.157,0,72,0
ec2-18-119-154-66.us-east-2.compute.amazonaws.com,0,77,0
104.244.42.8,0,15,0
lodwar.jijini.com,0,1412,0
s6.hostssdserver.com,0,328,0
209.182.199.238,0,19,0
146.75.62.83,0,92,0
151.101.242.40,0,64,0
edgedl.me.gvt1.com,52,0,0
71.148.62.50.host.secureserver.net,0,339,0
s3-us-west-2.amazonaws.com,0,49,0
ec2-13-36-141-12.eu-west-3.compute.amazonaws.com,0,19,0
ec2-35-165-18-164.us-west-2.compute.amazonaws.com,0,30,0
cdn.shopify.com,0,4,0
proxy1.gttwl.net,0,104,6
95.114.225.35.bc.googleusercontent.com,0,594,0
132.105.154.104.bc.googleusercontent.com,0,138,0
ec2-54-206-208-67.ap-southeast-2.compute.amazonaws.com,0,229,0
5.2.85.26,0,263,0
cloudproxy10056.sucuri.net,0,135,0
136.143.190.123,0,10,0
136.143.183.67,0,27,0
server-52-222-130-93.fco50.r.cloudfront.net,0,35,0
136.143.190.172,0,2,0
136.143.182.97,0,2,0
1264842.cloudwaysapps.com,0,139,0
s823.lon1.mysecurecloudhost.com,0,483,10
162-214-71-212.unifiedlayer.com,0,333,0
241.105.215.35.bc.googleusercontent.com,0,103,0
104.18.73.113,0,30,0
ppp-106-209.21-151.wind.it,0,91,0
104.18.72.113,0,14,0
96.46.243.24,0,35,0
192.229.221.25,0,22,0
162.159.128.7,0,24,0
lhr48s23-in-f2.1e100.net,0,2,0
a2-17-101-18.deploy.static.akamaitechnologies.com,0,93,0
ppapp01.email.passportonlineinc.com,0,293,0
www.passportonlineinc.com,0,320,0
146.75.61.91,0,56,0
207.189.101.118,0,12,0
130.250.4.191,0,24,0
237.246.174.34.bc.googleusercontent.com,0,311,0
161.189.229.23.host.secureserver.net,0,158,0
209.208.11.85,0,16,0
wp7.bluehost.com,0,68,0
linux26.name-servers.gr,0,532,0
196rr38xg.guzel.net.tr,0,277,6
s.w.org,0,14,0
www.zentravel.gr,1,0,0
hostedc45.carrierzone.com,0,202,0
wiredminds.carrierzone.com,0,39,0
103.200.108.61,0,17,0
s11.flagcounter.com,0,17,0
server.cheapairportparking.org,0,19,0
89.207.16.75,0,16,0
a95-101-215-97.deploy.static.akamaitechnologies.com,0,19,0
151.101.128.119,0,191,0
146.75.62.133,0,62,0
server-108-139-229-39.fco50.r.cloudfront.net,0,36,0
server-108-139-210-43.fco50.r.cloudfront.net,0,15,0
ec2-52-21-58-56.compute-1.amazonaws.com,0,18,0
e3d3186a88.app.euc.nodion.com,0,41,0
13.107.42.14,0,47,0
server-13-35-198-101.fco50.r.cloudfront.net,0,21,0
a2-16-135-203.deploy.static.akamaitechnologies.com,0,1147,0
51.105.200.2,0,60,0
151.101.242.109,0,127,0
133.253.107.34.bc.googleusercontent.com,0,41,7
par21s05-in-f2.1e100.net,0,42,19
20.50.88.233,0,31,0
ec2-52-54-199-197.compute-1.amazonaws.com,0,691,0
mil07s18-in-f2.1e100.net,0,93,0
server-13-35-198-47.fco50.r.cloudfront.net,0,141,0
3.163.239.4,0,17,0
248.147.102.34.bc.googleusercontent.com,0,24,0
server-18-65-82-95.fco50.r.cloudfront.net,0,36,0
server-52-222-130-15.fco50.r.cloudfront.net,0,51,0
151.5.24.130,0,101,0
ec2-15-236-195-199.eu-west-3.compute.amazonaws.com,0,10,0
51.11.20.152,0,15,0
146.75.60.84,0,47,10
3.67.98.34.bc.googleusercontent.com,0,15,0
crt.sectigo.com,2,0,0
lo.v.liveperson.net,0,17,0
111.45.3.198,0,37,0
47.246.174.187,0,8,0
mil04s51-in-f6.1e100.net,0,62,27
47.246.46.169,0,4455,0
s66.sureserver.com,0,27,0
a2-17-142-109.deploy.static.akamaitechnologies.com,0,29,0
https-95-140-230-217.mxp.llnw.net,0,16,0
203.119.169.174,0,22,0
server-13-35-198-9.fco50.r.cloudfront.net,0,25,0
ec2-18-203-183-110.eu-west-1.compute.amazonaws.com,0,50,0
ec2-54-71-7-221.us-west-2.compute.amazonaws.com,0,63,0
150.216.36.34.bc.googleusercontent.com,0,22,7
ec2-52-17-97-65.eu-west-1.compute.amazonaws.com,0,16,0
ec2-52-31-245-134.eu-west-1.compute.amazonaws.com,0,54,0
62.113.111.34.bc.googleusercontent.com,0,20,5
ec2-34-255-228-185.eu-west-1.compute.amazonaws.com,0,20,0
ec2-54-78-254-47.eu-west-1.compute.amazonaws.com,0,16,0
ec2-34-250-214-229.eu-west-1.compute.amazonaws.com,0,16,0
204.236.186.35.bc.googleusercontent.com,0,11,0
a23-51-48-219.deploy.static.akamaitechnologies.com,0,13,0
91.228.74.244,0,28,0
60.212.186.35.bc.googleusercontent.com,0,22,5
pushserver.navisperformance.com,0,13,0
net-33-132-192.67.bidtellect.com,0,17,0
162.159.134.42,0,82,500
ec2-44-193-94-179.compute-1.amazonaws.com,0,18,0
ec2-52-0-68-89.compute-1.amazonaws.com,0,17,0
216.223.26.39,0,19,0
146.75.62.49,0,65,0
ec2-34-241-21-252.eu-west-1.compute.amazonaws.com,0,15,0
104.26.8.123,0,82,0
ec2-13-245-194-131.af-south-1.compute.amazonaws.com,0,176,0
ec2-13-245-195-44.af-south-1.compute.amazonaws.com,0,29,0
ec2-13-245-100-176.af-south-1.compute.amazonaws.com,0,33,0
146.75.63.10,0,258,0
151.101.128.114,0,36,0
94.103.240.35.bc.googleusercontent.com,0,107,0
ec2-54-195-227-177.eu-west-1.compute.amazonaws.com,0,15,0
45.60.155.180,0,18,0
server-18-65-72-170.fco50.r.cloudfront.net,0,15,0
data-api-new11.kameleoon.net,0,14,0
a2-21-166-13.deploy.static.akamaitechnologies.com,0,35,0
ec2-3-140-13-188.us-east-2.compute.amazonaws.com,0,17,0
r11.o.lencr.org,1,0,0
a95-101-216-66.deploy.static.akamaitechnologies.com,0,25,0
ec2-65-1-231-68.ap-south-1.compute.amazonaws.com,0,170,0
dcl4-ncg1-c3-arn3.eu51-ar3.force.com,0,11,0
147.75.40.150,0,10,0
58.194.186.35.bc.googleusercontent.com,0,27,0
186.112.201.35.bc.googleusercontent.com,0,67,10
server-18-65-82-83.fco50.r.cloudfront.net,0,22,0
ec2-3-7-61-75.ap-south-1.compute.amazonaws.com,0,48,0
server-13-35-198-18.fco50.r.cloudfront.net,0,53,59
189.241.49.34.bc.googleusercontent.com,0,19,0
server-108-139-229-45.fco50.r.cloudfront.net,0,17,0
a12b7a488abeaa9e4.awsglobalaccelerator.com,0,14,0
151.101.241.175,0,53,0
a23-12-110-93.deploy.static.akamaitechnologies.com,0,28,0
a23-2-54-238.deploy.static.akamaitechnologies.com,0,454,0
156.247.186.35.bc.googleusercontent.com,0,20,0
a23-32-221-47.deploy.static.akamaitechnologies.com,0,35,0
server-18-65-82-71.fco50.r.cloudfront.net,0,30,0
a2-21-165-209.deploy.static.akamaitechnologies.com,0,29,0
s3-ap-southeast-1.amazonaws.com,0,1887,0
104.211.100.21,0,28,0
20.207.69.20,0,712,0
45.60.124.71,0,484,0
bharattaxi.com,0,446,0
ec2-13-126-240-222.ap-south-1.compute.amazonaws.com,0,573,0
20.150.65.1,0,14,0
ec2-13-200-127-201.ap-south-1.compute.amazonaws.com,0,151,0
ec2-52-27-51-85.us-west-2.compute.amazonaws.com,0,20,0
crt.usertrust.com,1,0,0
zerossl.crt.sectigo.com,1,0,0
www.mytaxiindia.com,37,0,0
maxcdn.bootstrapcdn.com,2,0,0
www.googletagmanager.com,1,0,0
track.in.omgpm.com,1,0,0
ec2-52-31-178-153.eu-west-1.compute.amazonaws.com,0,18,0
172.67.74.152,0,17,0
cdn.connecto.io,1,0,0
server.connecto.io,1,0,0
a95-101-211-104.deploy.static.akamaitechnologies.com,0,469,0
ec2-35-160-151-220.us-west-2.compute.amazonaws.com,0,34,0
server-13-35-246-26.fco50.r.cloudfront.net,0,11,0
server-18-65-70-161.fco50.r.cloudfront.net,0,41,0
server-18-154-161-105.fco50.r.cloudfront.net,0,29,0
server-52-222-130-67.fco50.r.cloudfront.net,0,18,9
ec2-52-23-111-227.compute-1.amazonaws.com,0,15,0
ec2-13-127-27-105.ap-south-1.compute.amazonaws.com,0,36,0
server-108-139-229-65.fco50.r.cloudfront.net,0,228,0
server-18-65-82-72.fco50.r.cloudfront.net,0,31,0
ec2-18-136-237-75.ap-southeast-1.compute.amazonaws.com,0,36,0
ec2-3-120-232-216.eu-central-1.compute.amazonaws.com,0,334,0
vps.nstepup.com,0,569,0
ec2-3-233-158-26.compute-1.amazonaws.com,0,10,0
server-13-226-244-57.fco50.r.cloudfront.net,0,23,0
ec2-35-165-229-202.us-west-2.compute.amazonaws.com,0,58,0
srv16.sentrynet.in,0,2418,0
162-215-226-3.unifiedlayer.com,0,6,0
ec2-3-108-78-229.ap-south-1.compute.amazonaws.com,0,21,0
58.250.149.34.bc.googleusercontent.com,0,485,7
server-13-35-198-116.fco50.r.cloudfront.net,0,10,0
188.206.49.34.bc.googleusercontent.com,0,20,9
a23-10-244-133.deploy.static.akamaitechnologies.com,0,15,0
4.193.67.176,0,28,0
